<?xml version="1.0" encoding="UTF-8"?>
<project-private xmlns="http://www.netbeans.org/ns/project-private/1">
    <open-files xmlns="http://www.netbeans.org/ns/projectui-open-files/2">
        <group>
            <file>file:/C:/Users/csilv/OneDrive/Documentos/isabel%20trabalhos/uc11/Leiloes/LeiloesTDSat/LeiloesTDSat/src/cadastroVIEW.java</file>
            <file>file:/C:/Users/csilv/OneDrive/Documentos/isabel%20trabalhos/uc11/Leiloes/LeiloesTDSat/LeiloesTDSat/src/listagemVIEW.java</file>
        </group>
    </open-files>
</project-private>
